﻿text;letterColor;corrAns;immage;cicloricarica.thisRepN;cicloricarica.thisTrialN;cicloricarica.thisN;cicloricarica.thisIndex;motori;trials.thisRepN;trials.thisTrialN;trials.thisN;trials.thisIndex;repet_tastant.thisRepN;repet_tastant.thisTrialN;repet_tastant.thisN;repet_tastant.thisIndex;repet_neutral.thisRepN;repet_neutral.thisTrialN;repet_neutral.thisN;repet_neutral.thisIndex;key_select.keys;key_select.rt;Exitkey.keys;Exitkey.rt;polygon_2.started;polygon_2.stopped;image.started;image.stopped;Risposta.keys;Risposta.corr;Risposta.rt;Risposta.started;Risposta.stopped;participant;session;num_trial;num_stim;cleaning;p_omega;p_stimulus_pulse_duration;p_motor_pulse_width;date;expName;psychopyVersion;frameRate;
None;None;None;None;;;;;;0;0;0;2;0;0;0;0;;;;;space;3.4994518000166863;space;2.52463220001664;28.73432279995177;None;31.365049400017597;None;;;;;;n;01;1;1;1;368.26;100;20;2022-12-09_16h21.38.035;3tastant_exp;2022.1.1;59.44137001357791;
salt;blue;left;salt.png;;;;;;0;1;1;1;0;0;0;0;;;;;;;;;;;39.04000569996424;None;right;0;1.7938147999811918;33.57779989996925;None;n;01;1;1;1;368.26;100;20;2022-12-09_16h21.38.035;3tastant_exp;2022.1.1;59.44137001357791;
None;None;None;None;;;;;;0;2;2;3;0;0;0;0;;;;;;;;;;;45.55709919997025;None;right;0;0.5799974999390543;41.304977699997835;None;n;01;1;1;1;368.26;100;20;2022-12-09_16h21.38.035;3tastant_exp;2022.1.1;59.44137001357791;
sweet;red;right;sweet.png;;;;;;0;3;3;0;0;0;0;0;;;;;;;;;;;52.015099499956705;None;right;0;0.5492178000276908;47.68258679995779;None;n;01;1;1;1;368.26;100;20;2022-12-09_16h21.38.035;3tastant_exp;2022.1.1;59.44137001357791;
;;;;;;;;;;;;;;;;;;;;;;;;;;;;;right;1;0.6063780001131818;54.294348899973556;None;;;;;;;;;;;;;
