﻿n,image.started_mean,image.started_raw,image.started_std,image.stopped_raw,order
1.0,31.365049362182617,31.365049362182617,0.0,,0.0

extraInfo
participant,n
session,01
num_trial,1
num_stim,1
cleaning,1
p_omega,368.26
p_stimulus_pulse_duration,100
p_motor_pulse_width,20
date,2022-12-09_16h21.38.035
expName,3tastant_exp
psychopyVersion,2022.1.1
frameRate,59.44137001357791
﻿n,image.started_mean,image.started_raw,image.started_std,image.stopped_raw,order
1.0,39.04000473022461,39.04000473022461,0.0,,0.0

extraInfo
participant,n
session,01
num_trial,1
num_stim,1
cleaning,1
p_omega,368.26
p_stimulus_pulse_duration,100
p_motor_pulse_width,20
date,2022-12-09_16h21.38.035
expName,3tastant_exp
psychopyVersion,2022.1.1
frameRate,59.44137001357791
﻿n,image.started_mean,image.started_raw,image.started_std,image.stopped_raw,order
1.0,45.557098388671875,45.557098388671875,0.0,,0.0

extraInfo
participant,n
session,01
num_trial,1
num_stim,1
cleaning,1
p_omega,368.26
p_stimulus_pulse_duration,100
p_motor_pulse_width,20
date,2022-12-09_16h21.38.035
expName,3tastant_exp
psychopyVersion,2022.1.1
frameRate,59.44137001357791
﻿n,image.started_mean,image.started_raw,image.started_std,image.stopped_raw,order
1.0,52.015098571777344,52.015098571777344,0.0,,0.0

extraInfo
participant,n
session,01
num_trial,1
num_stim,1
cleaning,1
p_omega,368.26
p_stimulus_pulse_duration,100
p_motor_pulse_width,20
date,2022-12-09_16h21.38.035
expName,3tastant_exp
psychopyVersion,2022.1.1
frameRate,59.44137001357791
