﻿n,image.started_mean,image.started_raw,,image.started_std,image.stopped_raw,,polygon.started_mean,polygon.started_raw,,polygon.started_std,polygon.stopped_raw,,order,
2.0,43.094078063964844,41.5528678894043, 44.635284423828125,2.179597633934295,, ,43.094078063964844,41.5528678894043, 44.635284423828125,2.179597633934295,, ,0.0, 1.0

extraInfo
participant,n
session,01
num_trial,1
num_stim,2
cleaning,2
p_omega,368.26
p_stimulus_pulse_duration,100
p_motor_pulse_width,20
date,2022-12-09_16h18.14.220
expName,3tastant_exp
psychopyVersion,2022.1.1
frameRate,59.81859411507781
