﻿n,image.started_mean,image.started_raw,,image.started_std,image.stopped_raw,,order,
2.0,145.6527099609375,144.1025390625, 147.20289611816406,2.1922834981861685,, ,0.0, 1.0

extraInfo
participant,n
session,01
num_trial,1
num_stim,2
cleaning,2
p_omega,368.26
p_stimulus_pulse_duration,100
p_motor_pulse_width,20
date,2022-12-09_16h24.56.745
expName,3tastant_exp
psychopyVersion,2022.1.1
frameRate,60.712362458108196
﻿n,image.started_mean,image.started_raw,,image.started_std,image.stopped_raw,,order,
2.0,158.62623596191406,157.07754516601562, 160.1749267578125,2.1901795274819533,, ,0.0, 1.0

extraInfo
participant,n
session,01
num_trial,1
num_stim,2
cleaning,2
p_omega,368.26
p_stimulus_pulse_duration,100
p_motor_pulse_width,20
date,2022-12-09_16h24.56.745
expName,3tastant_exp
psychopyVersion,2022.1.1
frameRate,60.712362458108196
