﻿text,letterColor,corrAns,immage,cicloricarica.thisRepN,cicloricarica.thisTrialN,cicloricarica.thisN,cicloricarica.thisIndex,motori,trials.thisRepN,trials.thisTrialN,trials.thisN,trials.thisIndex,repet_tastant.thisRepN,repet_tastant.thisTrialN,repet_tastant.thisN,repet_tastant.thisIndex,repet_neutral.thisRepN,repet_neutral.thisTrialN,repet_neutral.thisN,repet_neutral.thisIndex,key_select.keys,key_select.rt,Exitkey.keys,Exitkey.rt,polygon_2.started,polygon_2.stopped,image.started,image.stopped,Risposta.keys,Risposta.corr,Risposta.rt,Risposta.started,Risposta.stopped,participant,session,num_trial,num_stim,cleaning,p_omega,p_stimulus_pulse_duration,p_motor_pulse_width,date,expName,psychopyVersion,frameRate,
sweet,red,right,sweet.png,,,,,,0,0,0,0,0,0,0,0,,,,,space,37.01252160000149,space,7.457702900050208,141.32230709993746,None,144.10253150004428,None,,,,,,n,01,1,2,2,368.26,100,20,2022-12-09_16h24.56.745,3tastant_exp,2022.1.1,60.712362458108196,
sweet,red,right,sweet.png,,,,,,0,0,0,0,1,0,1,0,,,,,,,,,,,147.2028892999515,None,,,,,,n,01,1,2,2,368.26,100,20,2022-12-09_16h24.56.745,3tastant_exp,2022.1.1,60.712362458108196,
None,None,None,None,,,,,,0,1,1,2,0,0,0,0,,,,,,,,,,,157.07753969996702,None,right,1,1.3308871999615803,149.59737289999612,None,n,01,1,2,2,368.26,100,20,2022-12-09_16h24.56.745,3tastant_exp,2022.1.1,60.712362458108196,
None,None,None,None,,,,,,0,1,1,2,1,0,1,0,,,,,,,,,,,160.17492210003547,None,,,,,,n,01,1,2,2,368.26,100,20,2022-12-09_16h24.56.745,3tastant_exp,2022.1.1,60.712362458108196,
