﻿n,image.started_mean,image.started_raw,,image.started_std,image.stopped_raw,,order,
2.0,23.26624298095703,21.64954376220703, 24.8829402923584,2.286356612735483,, ,0.0, 1.0

extraInfo
participant,n
session,01
num_trial,1
num_stim,2
cleaning,2
p_omega,368.26
p_stimulus_pulse_duration,100
p_motor_pulse_width,20
date,2022-12-09_16h32.08.012
expName,3tastant_exp
psychopyVersion,2022.1.1
frameRate,60.36777254727612
﻿n,image.started_mean,image.started_raw,,image.started_std,image.stopped_raw,,order,
2.0,36.52423858642578,34.97560501098633, 38.07286834716797,2.190095908136169,, ,0.0, 1.0

extraInfo
participant,n
session,01
num_trial,1
num_stim,2
cleaning,2
p_omega,368.26
p_stimulus_pulse_duration,100
p_motor_pulse_width,20
date,2022-12-09_16h32.08.012
expName,3tastant_exp
psychopyVersion,2022.1.1
frameRate,60.36777254727612
