﻿text,letterColor,corrAns,immage,cicloricarica.thisRepN,cicloricarica.thisTrialN,cicloricarica.thisN,cicloricarica.thisIndex,motori,trials.thisRepN,trials.thisTrialN,trials.thisN,trials.thisIndex,repet_tastant.thisRepN,repet_tastant.thisTrialN,repet_tastant.thisN,repet_tastant.thisIndex,repet_neutral.thisRepN,repet_neutral.thisTrialN,repet_neutral.thisN,repet_neutral.thisIndex,key_select.keys,key_select.rt,Exitkey.keys,Exitkey.rt,polygon_2.started,polygon_2.stopped,image.started,image.stopped,Risposta.keys,Risposta.corr,Risposta.rt,Risposta.started,Risposta.stopped,participant,session,num_trial,num_stim,cleaning,p_omega,p_stimulus_pulse_duration,p_motor_pulse_width,date,expName,psychopyVersion,frameRate,
sweet,red,right,sweet.png,,,,,,0,0,0,0,0,0,0,0,,,,,space,1.9330098999198526,space,0.9089559999993071,18.23754519992508,None,21.64954399992712,None,,,,,,n,01,1,2,2,368.26,100,20,2022-12-09_16h32.08.012,3tastant_exp,2022.1.1,60.36777254727612,
sweet,red,right,sweet.png,,,,,,0,0,0,0,1,0,1,0,,,,,,,,,,,24.88294069992844,None,,,,,,n,01,1,2,2,368.26,100,20,2022-12-09_16h32.08.012,3tastant_exp,2022.1.1,60.36777254727612,
salt,blue,left,salt.png,,,,,,0,1,1,1,0,0,0,0,,,,,,,,,,,34.97560639993753,None,right,1,1.548084900015965,27.178361399914138,None,n,01,1,2,2,368.26,100,20,2022-12-09_16h32.08.012,3tastant_exp,2022.1.1,60.36777254727612,
salt,blue,left,salt.png,,,,,,0,1,1,1,1,0,1,0,,,,,,,,,,,38.072867700015195,None,,,,,,n,01,1,2,2,368.26,100,20,2022-12-09_16h32.08.012,3tastant_exp,2022.1.1,60.36777254727612,
,,,,,,,,,,,,,,,,,,,,,,,,,,,,,right,0,1.1739004000555724,40.36737589992117,None,,,,,,,,,,,,,
